{
    "fieldSets": [
        {
            "label": "Content Settings",
            "fields": [
                {
                    "name": "contentLayout",
                    "label": "Content Layout",
                    "description": "Choose the layout style for the content",
                    "type": "select",
                    "typeOptions": {
                        "validValues": [
                            {
                                "value": "two-column",
                                "label": "Two Column"
                            },
                            {
                                "value": "single-column",
                                "label": "Single Column"
                            },
                            {
                                "value": "three-column",
                                "label": "Three Column"
                            }
                        ]
                    },
                    "defaultValue": "two-column"
                },
                {
                    "name": "showComplianceSection",
                    "label": "Show Compliance Section",
                    "description": "Display the compliance information section",
                    "type": "checkbox",
                    "defaultValue": true
                }
            ]
        }
    ]
}